BRAND_NAME,DATE,CITY,NTB_BUYERS,BRAND_IMPRESSIONS,BRAND_GMV,BRAND_ORDERS
nafa,2026-09-08,guwahati,,139,,
nafa,2026-09-08,guntur,,55,,
nafa,2026-09-08,jaipur,,42,,
nafa,2026-09-08,coimbatore,,14,,
nafa,2026-09-08,lucknow,,20,,
nafa,2026-09-08,delhi,,145,,
nafa,2026-09-08,chennai,,52,,
nafa,2026-09-08,hyderabad,,45,,
nafa,2026-09-08,pune,1,129,999,1
nafa,2026-09-08,bangalore,14,3453,18485,15
nafa,2026-09-08,aurangabad,,15,,
nafa,2026-09-08,rajahmundry,,25,,
nafa,2026-09-08,gurgaon,,118,,
nafa,2026-09-08,kolkata,,133,,
nafa,2026-09-08,noida 1,,4,,
nafa,2026-09-08,ahmedabad,1,33,999,1
nafa,2026-09-08,kochi,,24,,
nafa,2026-09-09,kochi,,16,,
nafa,2026-09-09,ahmedabad,,13,,
nafa,2026-09-09,coimbatore,,29,,
nafa,2026-09-09,jaipur,,36,,
nafa,2026-09-09,guntur,1,43,999,1
nafa,2026-09-09,gurgaon,,101,,
nafa,2026-09-09,noida 1,,3,,
nafa,2026-09-09,lucknow,,24,,
nafa,2026-09-09,chennai,,59,,
nafa,2026-09-09,guwahati,,90,,
nafa,2026-09-09,aurangabad,,13,,
nafa,2026-09-09,pune,,135,,
averx,2026-09-09,bangalore,11,2825,5339,11
nafa,2026-09-09,dibrugarh,,15,,
nafa,2026-09-09,delhi,1,112,999,1
nafa,2026-09-09,mumbai,,150,,
nafa,2026-09-09,rajahmundry,,36,,
nafa,2026-09-09,kolkata,,110,,
nafa,2026-09-09,bangalore,20,3018,21980,20
nafa,2026-09-11,aurangabad,,13,,
nafa,2026-09-11,vijayawada,,57,,
nafa,2026-09-11,lucknow,,15,,
averx,2026-09-11,bangalore,14,2950,6735,14
nafa,2026-09-11,rajahmundry,,23,,
nafa,2026-09-10,coimbatore,,14,,
nafa,2026-09-10,delhi,,293,,
nafa,2026-09-10,noida 1,,2,,
nafa,2026-09-10,mumbai,,159,,
nafa,2026-09-10,chennai,,60,,
nafa,2026-09-10,rajahmundry,,24,,
nafa,2026-09-10,ahmedabad,1,8,1499,1
nafa,2026-09-10,pune,,137,,
nafa,2026-09-09,hyderabad,,37,,
nafa,2026-09-09,vijayawada,,42,,
nafa,2026-09-10,gurgaon,,106,,
nafa,2026-09-10,jaipur,,26,,
nafa,2026-09-10,guwahati,,103,,
nafa,2026-09-10,kolkata,1,107,999,1
nafa,2026-09-10,vijayawada,,68,,
nafa,2026-09-10,guntur,,19,,
nafa,2026-09-10,bangalore,15,3179,19484,16
nafa,2026-09-10,dibrugarh,,24,,
nafa,2026-09-10,kochi,,17,,
averx,2026-09-10,bangalore,13,2841,6487,13
nafa,2026-09-10,hyderabad,1,52,999,1
nafa,2026-09-10,lucknow,,19,,
nafa,2026-09-10,aurangabad,,8,,
nafa,2026-09-11,guntur,,33,,
nafa,2026-09-11,mumbai,,177,,
nafa,2026-09-11,coimbatore,,11,,
nafa,2026-09-11,dibrugarh,,24,,
nafa,2026-09-11,hyderabad,,73,,
nafa,2026-09-11,kolkata,,109,,
nafa,2026-09-11,chennai,,88,,
nafa,2026-09-11,gurgaon,,92,,
nafa,2026-09-11,noida 1,,4,,
nafa,2026-09-11,jaipur,,41,,
nafa,2026-09-11,bangalore,21,3744,27978,22
nafa,2026-09-11,ahmedabad,,13,,
nafa,2026-09-11,guwahati,1,130,999,1
nafa,2026-09-11,pune,,124,,
nafa,2026-09-11,delhi,,376,,
nafa,2026-09-11,silchar,,41,,
nafa,2026-09-11,kochi,,9,,
nafa,2026-09-12,chennai,,64,,
nafa,2026-09-12,guntur,,27,,
nafa,2026-09-12,mumbai,1,248,999,1
nafa,2026-09-12,vijayawada,,57,,
nafa,2026-09-12,guwahati,,127,,
nafa,2026-09-12,kolkata,2,141,1998,2
nafa,2026-09-12,silchar,,101,,
nafa,2026-09-12,dibrugarh,,25,,
nafa,2026-09-12,lucknow,,15,,
nafa,2026-09-12,kochi,1,15,999,1
nafa,2026-09-12,gurgaon,,127,,
nafa,2026-09-12,rajahmundry,,17,,
nafa,2026-09-12,coimbatore,,13,,
nafa,2026-09-12,aurangabad,,22,,
nafa,2026-09-12,ahmedabad,,7,,
nafa,2026-09-12,jaipur,,44,,
nafa,2026-09-12,pune,,134,,
averx,2026-09-12,bangalore,14,3605,7035,15
nafa,2026-09-12,hyderabad,,88,,
nafa,2026-09-12,bangalore,32,3987,41466,33
nafa,2026-09-12,delhi,,411,,
nafa,2026-09-12,noida 1,,3,,
nafa,2026-09-13,dibrugarh,,38,,
nafa,2026-09-13,coimbatore,,7,,
nafa,2026-09-13,hyderabad,,98,,
nafa,2026-09-13,guntur,,33,,
nafa,2026-09-13,bangalore,19,4911,23481,19
nafa,2026-09-13,rajahmundry,,36,,
nafa,2026-09-13,ahmedabad,,11,,
nafa,2026-09-17,hyderabad,,74,,
nafa,2026-09-17,vijayawada,,33,,
nafa,2026-09-17,dibrugarh,,17,,
nafa,2026-09-17,delhi,1,292,1499,1
nafa,2026-09-17,jaipur,,43,,
nafa,2026-09-17,bangalore,25,4442,32474,26
nafa,2026-09-17,guwahati,1,100,999,1
nafa,2026-09-16,jaipur,,19,,
nafa,2026-09-16,hyderabad,,58,,
nafa,2026-09-16,bangalore,18,4257,22482,18
averx,2026-09-16,bangalore,18,2957,8731,18
nafa,2026-09-16,delhi,1,343,999,1
nafa,2026-09-16,lucknow,,15,,
nafa,2026-09-16,dibrugarh,,23,,
nafa,2026-09-16,gurgaon,,101,,
averx,2026-09-17,bangalore,20,3041,9830,20
nafa,2026-09-17,rajahmundry,,20,,
nafa,2026-09-17,patna,,57,,
nafa,2026-09-17,mumbai,,117,,
nafa,2026-09-17,lucknow,,16,,
nafa,2026-09-16,vijayawada,,46,,
nafa,2026-09-16,noida 1,,4,,
nafa,2026-09-16,kochi,1,30,999,1
nafa,2026-09-16,pune,1,399,999,1
nafa,2026-09-16,chennai,,116,,
nafa,2026-09-16,ahmedabad,,34,,
nafa,2026-09-16,rajahmundry,,20,,
nafa,2026-09-16,mumbai,,142,,
nafa,2026-09-16,guwahati,,100,,
nafa,2026-09-16,guntur,,14,,
nafa,2026-09-16,kolkata,,312,,
nafa,2026-09-17,noida 1,,3,,
nafa,2026-09-17,kolkata,1,389,999,1
nafa,2026-09-17,gurgaon,,69,,
nafa,2026-09-17,kochi,,55,,
nafa,2026-09-17,pune,,459,,
nafa,2026-09-17,aurangabad,,8,,
nafa,2026-09-17,guntur,,18,,
nafa,2026-09-17,chennai,,170,,
nafa,2026-09-17,silchar,,4,,
nafa,2026-09-17,ahmedabad,,33,,
nafa,2026-09-18,aurangabad,,11,,
nafa,2026-09-18,mumbai,,101,,
nafa,2026-09-18,dibrugarh,,30,,
nafa,2026-09-18,noida 1,,4,,
nafa,2026-09-18,guwahati,,98,,
averx,2026-09-18,bangalore,11,3122,6187,13
nafa,2026-09-18,patna,,41,,
nafa,2026-09-18,ahmedabad,,26,,
nafa,2026-09-18,pune,4,418,3996,4
nafa,2026-09-18,silchar,,83,,
nafa,2026-09-18,kochi,1,95,1499,1
nafa,2026-09-18,chennai,1,163,999,1
nafa,2026-09-18,vijayawada,,26,,
nafa,2026-09-18,gurgaon,,84,,
nafa,2026-09-18,guntur,,21,,
nafa,2026-09-18,kolkata,,293,,
nafa,2026-09-18,bangalore,29,4290,35471,29
nafa,2026-09-18,delhi,1,269,999,1
nafa,2026-09-18,jaipur,1,42,1499,1
nafa,2026-09-18,rajahmundry,,11,,
nafa,2026-09-18,lucknow,,16,,
nafa,2026-09-18,hyderabad,,63,,
nafa,2026-09-19,jaipur,,36,,
nafa,2026-09-19,patna,,75,,
nafa,2026-09-19,ahmedabad,,33,,
nafa,2026-09-19,noida 1,,1,,
nafa,2026-09-19,rajahmundry,,11,,
nafa,2026-09-19,dibrugarh,,28,,
averx,2026-09-19,bangalore,23,3781,12025,24
nafa,2026-09-19,kochi,2,168,2998,2
nafa,2026-09-19,kolkata,,356,,
nafa,2026-09-19,silchar,,70,,
nafa,2026-09-19,hyderabad,,74,,
nafa,2026-09-19,guwahati,,131,,
nafa,2026-09-19,lucknow,,17,,
nafa,2026-09-19,pune,2,495,2498,2
nafa,2026-09-19,guntur,,22,,
nafa,2026-09-19,delhi,3,380,3997,3
nafa,2026-09-19,gurgaon,2,76,2498,2
nafa,2026-09-19,vijayawada,,43,,
nafa,2026-09-02,vijayawada,,65,,
nafa,2026-09-03,rajahmundry,,22,,
nafa,2026-09-03,noida 1,,7,,
nafa,2026-09-02,guwahati,,130,,
nafa,2026-09-02,pune,,107,,
nafa,2026-09-02,kochi,,17,,
nafa,2026-09-02,coimbatore,,29,,
nafa,2026-09-02,dibrugarh,1,54,999,1
nafa,2026-09-02,jaipur,,27,,
nafa,2026-09-02,mumbai,,141,,
nafa,2026-09-02,hyderabad,,50,,
nafa,2026-09-02,ahmedabad,2,51,2498,2
nafa,2026-09-02,lucknow,,33,,
nafa,2026-09-02,aurangabad,,28,,
nafa,2026-09-02,chennai,,59,,
nafa,2026-09-02,gurgaon,,106,,
nafa,2026-09-02,rajahmundry,,33,,
nafa,2026-09-02,bangalore,13,2795,16486,13
averx,2026-09-02,bangalore,8,2527,3992,8
nafa,2026-09-03,aurangabad,,15,,
nafa,2026-09-03,gurgaon,,90,,
nafa,2026-09-03,kochi,,38,,
averx,2026-09-03,bangalore,13,2662,6487,13
nafa,2026-09-03,guwahati,,106,,
nafa,2026-09-03,guntur,,43,,
nafa,2026-09-03,kolkata,,154,,
nafa,2026-09-03,bangalore,8,2626,9991,9
nafa,2026-09-03,jaipur,,22,,
nafa,2026-09-03,chennai,,68,,
nafa,2026-09-03,hyderabad,,35,,
nafa,2026-09-03,delhi,,147,,
nafa,2026-09-03,pune,,108,,
nafa,2026-09-03,mumbai,,159,,
nafa,2026-09-03,dibrugarh,,24,,
nafa,2026-09-03,coimbatore,,39,,
nafa,2026-09-03,ahmedabad,,36,,
nafa,2026-09-03,vijayawada,,55,,
nafa,2026-09-03,lucknow,,34,,
nafa,2026-09-04,lucknow,,60,,
nafa,2026-09-04,kolkata,,187,,
nafa,2026-09-04,hyderabad,,51,,
nafa,2026-09-04,rajahmundry,,21,,
nafa,2026-09-04,ahmedabad,,61,,
nafa,2026-09-04,gurgaon,,93,,
nafa,2026-09-04,aurangabad,,10,,
nafa,2026-09-04,kochi,,42,,
nafa,2026-09-04,dibrugarh,,45,,
nafa,2026-09-04,coimbatore,,40,,
nafa,2026-09-04,noida 1,,5,,
nafa,2026-09-04,pune,,134,,
nafa,2026-09-04,bangalore,9,2993,10991,9
nafa,2026-09-04,delhi,,230,,
nafa,2026-09-04,chennai,,60,,
nafa,2026-09-04,mumbai,,215,,
averx,2026-09-04,bangalore,8,2912,3992,8
nafa,2026-09-04,vijayawada,,70,,
nafa,2026-09-04,guntur,,43,,
nafa,2026-09-04,guwahati,,116,,
nafa,2026-09-04,jaipur,,53,,
nafa,2026-09-05,pune,,168,,
nafa,2026-09-05,guntur,,40,,
nafa,2026-09-05,kochi,,8,,
nafa,2026-09-05,hyderabad,,41,,
nafa,2026-09-05,kolkata,,149,,
nafa,2026-09-05,jaipur,1,45,1499,1
nafa,2026-09-05,rajahmundry,,22,,
nafa,2026-09-05,lucknow,1,32,1499,1
nafa,2026-09-05,vijayawada,,62,,
nafa,2026-09-05,chennai,,71,,
nafa,2026-09-05,mumbai,,222,,
nafa,2026-09-05,aurangabad,,10,,
nafa,2026-09-05,bangalore,19,3470,22481,19
nafa,2026-09-05,gurgaon,,123,,
nafa,2026-09-05,delhi,,191,,
nafa,2026-09-05,coimbatore,2,33,2998,2
nafa,2026-09-14,guwahati,1,148,999,1
nafa,2026-09-14,jaipur,,27,,
averx,2026-09-14,bangalore,23,3969,11526,23
nafa,2026-09-14,hyderabad,,114,,
nafa,2026-09-14,chennai,,81,,
nafa,2026-09-14,guntur,,24,,
nafa,2026-09-14,bangalore,25,4460,31474,25
nafa,2026-09-14,silchar,,7,,
nafa,2026-09-14,noida 1,,3,,
nafa,2026-09-14,delhi,2,394,2498,2
nafa,2026-09-14,mumbai,,267,,
nafa,2026-09-14,pune,1,214,1499,1
nafa,2026-09-14,kolkata,,176,,
nafa,2026-09-14,dibrugarh,,27,,
nafa,2026-09-15,bangalore,14,3622,16985,15
nafa,2026-09-15,mumbai,,138,,
nafa,2026-09-15,chennai,,62,,
nafa,2026-09-15,aurangabad,,19,,
nafa,2026-09-15,ahmedabad,,20,,
nafa,2026-09-15,hyderabad,,55,,
nafa,2026-09-15,kolkata,,97,,
nafa,2026-09-15,kochi,,7,,
averx,2026-09-15,bangalore,18,2896,8832,18
nafa,2026-09-15,pune,,133,,
nafa,2026-09-15,dibrugarh,,28,,
nafa,2026-09-15,guwahati,,90,,
nafa,2026-09-15,guntur,,10,,
nafa,2026-09-15,rajahmundry,,20,,
nafa,2026-09-15,jaipur,,29,,
nafa,2026-09-15,noida 1,,6,,
nafa,2026-09-15,gurgaon,,89,,
nafa,2026-09-15,vijayawada,,36,,
nafa,2026-09-15,silchar,,6,,
nafa,2026-09-15,delhi,1,315,1499,1
nafa,2026-09-15,lucknow,,17,,
nafa,2026-09-16,silchar,,6,,
nafa,2026-09-16,aurangabad,,7,,
nafa,2026-09-06,bangalore,18,4228,21982,18
nafa,2026-09-06,noida 1,,6,,
nafa,2026-09-06,lucknow,,30,,
nafa,2026-09-06,gurgaon,,133,,
nafa,2026-09-06,kochi,,5,,
nafa,2026-09-06,aurangabad,,21,,
nafa,2026-09-06,kolkata,,176,,
nafa,2026-09-06,guntur,1,65,999,1
nafa,2026-09-06,coimbatore,1,24,1499,1
nafa,2026-09-06,chennai,,79,,
nafa,2026-09-07,chennai,,58,,
nafa,2026-09-07,coimbatore,,16,,
nafa,2026-09-07,kochi,,14,,
nafa,2026-09-07,pune,,110,,
nafa,2026-09-07,jaipur,,36,,
nafa,2026-09-07,bangalore,12,3537,13988,12
averx,2026-09-07,bangalore,11,2288,5489,11
nafa,2026-09-07,rajahmundry,,31,,
nafa,2026-09-07,lucknow,,28,,
nafa,2026-09-07,hyderabad,,38,,
nafa,2026-09-07,dibrugarh,,27,,
nafa,2026-09-07,mumbai,,149,,
nafa,2026-09-07,guwahati,,94,,
nafa,2026-09-07,ahmedabad,,40,,
nafa,2026-09-07,gurgaon,,108,,
nafa,2026-09-07,kolkata,,151,,
nafa,2026-09-07,delhi,,162,,
nafa,2026-09-07,noida 1,,8,,
nafa,2026-09-07,vijayawada,,60,,
nafa,2026-09-07,aurangabad,,11,,
nafa,2026-09-07,guntur,1,50,999,1
nafa,2026-09-08,mumbai,,121,,
averx,2026-09-08,bangalore,7,2515,3493,7
nafa,2026-09-08,dibrugarh,,31,,
nafa,2026-09-08,vijayawada,,50,,
nafa,2026-09-01,bangalore,14,2603,17486,14
nafa,2026-09-01,lucknow,,37,,
nafa,2026-09-01,guwahati,,124,,
averx,2026-09-01,bangalore,7,2289,3493,7
nafa,2026-09-01,vizag,1,1,1499,1
nafa,2026-09-01,guntur,,55,,
nafa,2026-09-01,ahmedabad,1,62,1499,1
nafa,2026-09-01,mumbai,,155,,
nafa,2026-09-01,kolkata,,193,,
nafa,2026-09-01,aurangabad,,17,,
nafa,2026-09-01,hyderabad,,47,,
nafa,2026-09-01,chennai,,61,,
nafa,2026-09-01,pune,,140,,
nafa,2026-09-01,rajahmundry,,31,,
nafa,2026-09-01,delhi,,142,,
nafa,2026-09-01,kochi,,39,,
nafa,2026-09-01,gurgaon,,106,,
nafa,2026-09-01,vijayawada,,55,,
nafa,2026-09-01,dibrugarh,,92,,
nafa,2026-09-01,jaipur,,19,,
nafa,2026-09-01,coimbatore,1,55,1499,1
nafa,2026-09-01,noida 1,,1,,
nafa,2026-09-02,kolkata,,132,,
nafa,2026-09-02,noida 1,,3,,
nafa,2026-09-02,delhi,,127,,
nafa,2026-09-02,guntur,,53,,
nafa,2026-09-13,jaipur,,35,,
nafa,2026-09-13,vijayawada,,62,,
nafa,2026-09-13,chennai,,62,,
averx,2026-09-13,bangalore,21,4271,10577,21
nafa,2026-09-13,kochi,,12,,
nafa,2026-09-13,noida 1,,2,,
nafa,2026-09-13,mumbai,2,398,1998,2
nafa,2026-09-13,guwahati,,194,,
nafa,2026-09-13,pune,,253,,
nafa,2026-09-13,aurangabad,,37,,
nafa,2026-09-13,delhi,,529,,
nafa,2026-09-13,lucknow,,22,,
nafa,2026-09-13,kolkata,,139,,
nafa,2026-09-13,silchar,1,23,999,1
nafa,2026-09-13,gurgaon,1,145,999,1
nafa,2026-09-14,aurangabad,,25,,
nafa,2026-09-14,kochi,1,13,999,1
nafa,2026-09-14,rajahmundry,,39,,
nafa,2026-09-14,gurgaon,,111,,
nafa,2026-09-14,ahmedabad,,10,,
nafa,2026-09-14,lucknow,,24,,
nafa,2026-09-14,vijayawada,,50,,
nafa,2026-09-14,coimbatore,1,5,1499,1
nafa,2026-09-19,aurangabad,,9,,
nafa,2026-09-19,mumbai,1,259,1499,1
nafa,2026-09-19,chennai,,169,,
nafa,2026-09-19,bangalore,32,5101,39468,32
nafa,2026-09-20,vijayawada,,46,,
nafa,2026-09-20,bangalore,17,5473,21982,17
nafa,2026-09-20,rajahmundry,,19,,
nafa,2026-09-20,noida 1,,1,,
nafa,2026-09-20,silchar,,79,,
nafa,2026-09-20,hyderabad,,68,,
nafa,2026-09-20,patna,1,78,999,1
nafa,2026-09-20,aurangabad,,11,,
nafa,2026-09-20,guntur,,23,,
nafa,2026-09-20,kolkata,1,408,1499,1
nafa,2026-09-20,kochi,2,159,2498,2
nafa,2026-09-05,guwahati,,135,,
nafa,2026-09-05,ahmedabad,,23,,
averx,2026-09-05,bangalore,14,2820,7485,15
nafa,2026-09-05,noida 1,,6,,
nafa,2026-09-05,dibrugarh,,37,,
nafa,2026-09-06,dibrugarh,,36,,
nafa,2026-09-06,delhi,,193,,
nafa,2026-09-06,hyderabad,,57,,
nafa,2026-09-06,pune,,178,,
averx,2026-09-06,bangalore,12,3090,5988,12
nafa,2026-09-06,vijayawada,,68,,
nafa,2026-09-06,mumbai,,238,,
nafa,2026-09-06,jaipur,,52,,
nafa,2026-09-06,guwahati,,118,,
nafa,2026-09-06,rajahmundry,,30,,
nafa,2026-09-06,ahmedabad,,43,,
nafa,2026-09-20,chennai,,206,,
nafa,2026-09-20,lucknow,,18,,
nafa,2026-09-20,jaipur,,43,,
nafa,2026-09-20,pune,2,583,1998,2
nafa,2026-09-20,gurgaon,,90,,
nafa,2026-09-20,dibrugarh,,23,,
nafa,2026-09-20,mumbai,,291,,
nafa,2026-09-20,delhi,4,314,5496,4
nafa,2026-09-20,guwahati,,113,,
averx,2026-09-20,bangalore,13,3938,6536,14
nafa,2026-09-20,ahmedabad,,38,,
nafa,2026-09-24,gurgaon,1,71,999,1
nafa,2026-09-24,pune,2,341,1998,2
nafa,2026-09-24,patna,,25,,
nafa,2026-09-24,jaipur,,24,,
nafa,2026-09-24,lucknow,,10,,
nafa,2026-09-24,aurangabad,,7,,
nafa,2026-09-24,vijayawada,1,37,999,1
nafa,2026-09-24,kochi,1,165,1499,1
nafa,2026-09-24,dibrugarh,,16,,
nafa,2026-09-24,ahmedabad,,23,,
nafa,2026-09-24,silchar,,35,,
nafa,2026-09-24,vizag,,44,,
nafa,2026-09-24,bangalore,16,3753,18984,16
nafa,2026-09-24,noida 1,,5,,
averx,2026-09-24,bangalore,9,3146,4540,10
nafa,2026-09-24,chennai,2,118,2998,2
nafa,2026-09-24,hyderabad,,49,,
nafa,2026-09-26,pune,1,383,999,1
nafa,2026-09-26,ahmedabad,,25,,
nafa,2026-09-26,vizag,,31,,
nafa,2026-09-26,jaipur,,25,,
nafa,2026-09-22,vizag,,57,,
nafa,2026-09-25,hyderabad,,73,,
nafa,2026-09-25,aurangabad,1,9,999,1
nafa,2026-09-25,bangalore,19,3846,22481,19
nafa,2026-09-25,delhi,,183,,
nafa,2026-09-22,noida 1,,4,,
nafa,2026-09-22,jaipur,,34,,
nafa,2026-09-22,lucknow,,20,,
nafa,2026-09-22,patna,,42,,
nafa,2026-09-21,coimbatore,,21,,
nafa,2026-09-21,chennai,1,143,999,1
nafa,2026-09-25,noida 1,,4,,
nafa,2026-09-25,kolkata,1,292,999,1
nafa,2026-09-25,rajahmundry,,13,,
nafa,2026-09-25,vijayawada,,14,,
nafa,2026-09-25,guwahati,,70,,
nafa,2026-09-21,guwahati,,69,,
nafa,2026-09-21,rajahmundry,,12,,
nafa,2026-09-21,jaipur,,33,,
nafa,2026-09-24,kolkata,,236,,
nafa,2026-09-24,delhi,1,186,999,1
nafa,2026-09-24,rajahmundry,,24,,
averx,2026-09-26,bangalore,19,3612,9429,19
nafa,2026-09-23,noida 1,,2,,
nafa,2026-09-23,kochi,2,149,1499,1
nafa,2026-09-26,patna,,29,,
nafa,2026-09-26,vijayawada,,20,,
nafa,2026-09-26,bangalore,20,4425,25979,21
nafa,2026-09-25,dibrugarh,,11,,
nafa,2026-09-25,ahmedabad,,19,,
nafa,2026-09-25,chennai,1,124,1499,1
nafa,2026-09-25,lucknow,,15,,
nafa,2026-09-26,aurangabad,,14,,
nafa,2026-09-26,guwahati,,72,,
nafa,2026-09-26,silchar,,35,,
nafa,2026-09-25,silchar,,50,,
nafa,2026-09-25,jaipur,,29,,
nafa,2026-09-23,dibrugarh,,17,,
nafa,2026-09-23,chennai,,163,,
nafa,2026-09-23,ahmedabad,,15,,
nafa,2026-09-22,kochi,1,154,999,1
nafa,2026-09-22,silchar,,70,,
nafa,2026-09-25,kochi,1,153,1499,1
nafa,2026-09-25,mumbai,1,233,999,1
nafa,2026-09-21,kochi,1,142,999,1
nafa,2026-09-21,dibrugarh,,12,,
nafa,2026-09-21,ahmedabad,1,22,1499,1
nafa,2026-09-21,delhi,,241,,
nafa,2026-09-21,kolkata,2,310,1998,2
nafa,2026-09-21,guntur,1,5,999,1
nafa,2026-09-26,kochi,2,145,2998,2
nafa,2026-09-26,rajahmundry,,13,,
nafa,2026-09-26,dibrugarh,,12,,
nafa,2026-09-26,delhi,,228,,
nafa,2026-09-22,kolkata,,287,,
nafa,2026-09-26,gurgaon,1,64,999,1
nafa,2026-09-26,kolkata,1,287,999,1
nafa,2026-09-26,coimbatore,,137,,
nafa,2026-09-21,bangalore,11,4426,13988,12
nafa,2026-09-21,patna,3,85,3997,3
nafa,2026-09-21,gurgaon,1,74,1499,1
nafa,2026-09-21,hyderabad,1,58,1499,1
nafa,2026-09-23,kolkata,2,257,1998,2
nafa,2026-09-23,lucknow,,12,,
nafa,2026-09-23,patna,1,33,999,1
nafa,2026-09-23,coimbatore,,123,,
nafa,2026-09-23,pune,3,395,2997,3
nafa,2026-09-26,lucknow,,33,,
nafa,2026-09-26,hyderabad,,66,,
nafa,2026-09-23,mumbai,,213,,
nafa,2026-09-23,aurangabad,,13,,
nafa,2026-09-23,silchar,,60,,
nafa,2026-09-23,vizag,,40,,
nafa,2026-09-21,silchar,,72,,
averx,2026-09-21,bangalore,16,2972,7684,16
nafa,2026-09-21,noida 1,,1,,
nafa,2026-09-21,vijayawada,,34,,
nafa,2026-09-21,mumbai,1,231,999,1
averx,2026-09-25,bangalore,24,3091,11076,24
nafa,2026-09-25,coimbatore,1,129,1499,1
nafa,2026-09-25,pune,,424,,
nafa,2026-09-23,vijayawada,,47,,
nafa,2026-09-23,gurgaon,,55,,
nafa,2026-09-23,jaipur,,23,,
averx,2026-09-23,bangalore,14,3174,6585,14
nafa,2026-09-23,rajahmundry,,30,,
nafa,2026-09-23,bangalore,28,3832,34471,29
nafa,2026-09-23,guwahati,1,62,999,1
nafa,2026-09-21,aurangabad,,13,,
nafa,2026-09-21,pune,1,455,999,1
nafa,2026-09-22,delhi,,243,,
nafa,2026-09-22,bangalore,12,4494,16985,15
averx,2026-09-22,bangalore,8,3102,3692,8
nafa,2026-09-22,ahmedabad,,23,,
nafa,2026-09-22,mumbai,2,268,2498,2
nafa,2026-09-22,dibrugarh,,14,,
nafa,2026-09-22,gurgaon,,67,,
nafa,2026-09-22,vijayawada,,23,,
nafa,2026-09-22,chennai,,169,,
nafa,2026-09-22,hyderabad,,52,,
nafa,2026-09-26,mumbai,,248,,
nafa,2026-09-26,chennai,2,99,1998,2
nafa,2026-09-22,aurangabad,,11,,
nafa,2026-09-22,coimbatore,2,103,2498,2
nafa,2026-09-22,pune,1,432,999,1
nafa,2026-09-22,rajahmundry,,13,,
nafa,2026-09-21,lucknow,,19,,
nafa,2026-09-23,hyderabad,,66,,
nafa,2026-09-23,delhi,1,186,999,1
nafa,2026-09-22,guwahati,,73,,
nafa,2026-09-25,gurgaon,1,57,999,1
nafa,2026-09-25,vizag,,47,,
nafa,2026-09-25,patna,,15,,
nafa,2026-09-24,coimbatore,,166,,
nafa,2026-09-24,mumbai,,253,,
nafa,2026-09-24,guwahati,,45,,
nafa,2026-09-28,pune,,321,,
nafa,2026-09-28,vizag,,28,,
nafa,2026-09-27,dibrugarh,,31,,
nafa,2026-09-28,gurgaon,,45,,
nafa,2026-09-27,coimbatore,,168,,
nafa,2026-09-29,delhi,,213,,
nafa,2026-09-29,bangalore,17,3705,20983,17
nafa,2026-09-28,noida 1,,1,,
nafa,2026-09-27,pune,,476,,
nafa,2026-09-28,chennai,,103,,
nafa,2026-09-27,silchar,,41,,
nafa,2026-09-29,chennai,,111,,
nafa,2026-09-29,vizag,,34,,
averx,2026-09-27,bangalore,17,3911,8382,18
nafa,2026-09-27,chennai,,114,,
nafa,2026-09-27,guwahati,,92,,
nafa,2026-09-27,gurgaon,,53,,
nafa,2026-09-29,noida 1,,1,,
nafa,2026-09-29,mumbai,,184,,
nafa,2026-09-29,vijayawada,,19,,
nafa,2026-09-28,coimbatore,1,129,999,1
nafa,2026-09-27,vizag,,53,,
nafa,2026-09-28,kolkata,1,177,999,1
nafa,2026-09-28,aurangabad,,7,,
nafa,2026-09-27,bangalore,19,5288,22481,19
nafa,2026-09-27,vijayawada,,36,,
nafa,2026-09-27,kolkata,,337,,
nafa,2026-09-28,lucknow,,18,,
nafa,2026-09-27,lucknow,,27,,
nafa,2026-09-29,ahmedabad,,37,,
nafa,2026-09-29,patna,,18,,
nafa,2026-09-27,jaipur,,43,,
averx,2026-09-29,bangalore,17,2987,8033,17
nafa,2026-09-29,kochi,1,254,1499,1
nafa,2026-09-29,lucknow,,10,,
nafa,2026-09-29,silchar,,24,,
nafa,2026-09-28,jaipur,,24,,
nafa,2026-09-27,mumbai,2,261,2498,2
nafa,2026-09-29,hyderabad,,56,,
nafa,2026-09-29,rajahmundry,,15,,
nafa,2026-09-27,ahmedabad,1,58,1499,1
nafa,2026-09-29,aurangabad,,8,,
nafa,2026-09-27,patna,,19,,
nafa,2026-09-27,noida 1,,7,,
nafa,2026-09-29,guwahati,,52,,
nafa,2026-09-27,kochi,,247,,
nafa,2026-09-29,jaipur,,28,,
nafa,2026-09-29,pune,1,346,999,1
nafa,2026-09-28,bangalore,5,3488,5995,5
nafa,2026-09-27,rajahmundry,,27,,
nafa,2026-09-27,hyderabad,,64,,
nafa,2026-09-28,vijayawada,,18,,
nafa,2026-09-28,mumbai,,170,,
nafa,2026-09-29,gurgaon,,42,,
nafa,2026-09-27,aurangabad,,20,,
nafa,2026-09-28,kochi,1,243,999,1
averx,2026-09-28,bangalore,18,3127,8532,18
nafa,2026-09-28,patna,,11,,
nafa,2026-09-29,kolkata,,190,,
nafa,2026-09-28,silchar,,29,,
nafa,2026-09-28,rajahmundry,,13,,
nafa,2026-09-28,hyderabad,,70,,
nafa,2026-09-28,dibrugarh,,17,,
nafa,2026-09-29,dibrugarh,,16,,
nafa,2026-09-27,delhi,,257,,
nafa,2026-09-28,ahmedabad,,33,,
nafa,2026-09-28,guwahati,,32,,
nafa,2026-09-28,delhi,1,182,999,1
nafa,2026-09-29,coimbatore,,114,,
